PERMNO,date,TICKER,COMNAM,PRC,RET,CFACPR
11850,19900131,XON,EXXON CORP,47.00000,-0.060000,4
11850,19900228,XON,EXXON CORP,47.00000,0.012766,4
11850,19900330,XON,EXXON CORP,46.12500,-0.018617,4
11850,19900430,XON,EXXON CORP,45.25000,-0.018970,4
11850,19900531,XON,EXXON CORP,48.00000,0.074033,4
11850,19900629,XON,EXXON CORP,47.87500,-0.002604,4
11850,19900731,XON,EXXON CORP,51.87500,0.083551,4
11850,19900831,XON,EXXON CORP,50.00000,-0.024578,4
11850,19900928,XON,EXXON CORP,49.00000,-0.020000,4
11850,19901031,XON,EXXON CORP,49.00000,0.000000,4
11850,19901130,XON,EXXON CORP,50.62500,0.046837,4
11850,19901231,XON,EXXON CORP,51.75000,0.022222,4
11850,19910131,XON,EXXON CORP,51.62500,-0.002415,4
11850,19910228,XON,EXXON CORP,55.12500,0.080775,4
11850,19910328,XON,EXXON CORP,58.50000,0.061224,4
11850,19910430,XON,EXXON CORP,59.50000,0.017094,4
11850,19910531,XON,EXXON CORP,58.25000,-0.009748,4
11850,19910628,XON,EXXON CORP,58.12500,-0.002146,4
11850,19910731,XON,EXXON CORP,59.37500,0.021505,4
11850,19910830,XON,EXXON CORP,58.25000,-0.007663,4
11850,19910930,XON,EXXON CORP,59.50000,0.021459,4
11850,19911031,XON,EXXON CORP,61.00000,0.025210,4
11850,19911129,XON,EXXON CORP,58.62500,-0.027951,4
11850,19911231,XON,EXXON CORP,60.87500,0.038380,4
11850,19920131,XON,EXXON CORP,58.25000,-0.043121,4
11850,19920228,XON,EXXON CORP,57.12500,-0.007811,4
11850,19920331,XON,EXXON CORP,54.75000,-0.041575,4
11850,19920430,XON,EXXON CORP,60.00000,0.095890,4
11850,19920529,XON,EXXON CORP,60.62500,0.022417,4
11850,19920630,XON,EXXON CORP,61.87500,0.020619,4
11850,19920731,XON,EXXON CORP,63.50000,0.026263,4
11850,19920831,XON,EXXON CORP,64.25000,0.023150,4
11850,19920930,XON,EXXON CORP,63.87500,-0.005837,4
11850,19921030,XON,EXXON CORP,61.25000,-0.041096,4
11850,19921130,XON,EXXON CORP,59.50000,-0.016816,4
11850,19921231,XON,EXXON CORP,61.12500,0.027311,4
11850,19930129,XON,EXXON CORP,61.12500,0.000000,4
11850,19930226,XON,EXXON CORP,63.62500,0.052679,4
11850,19930331,XON,EXXON CORP,66.12500,0.039293,4
11850,19930430,XON,EXXON CORP,66.00000,-0.001890,4
11850,19930528,XON,EXXON CORP,65.50000,0.003333,4
11850,19930630,XON,EXXON CORP,66.12500,0.009542,4
11850,19930730,XON,EXXON CORP,65.62500,-0.007561,4
11850,19930831,XON,EXXON CORP,65.37500,0.007162,4
11850,19930930,XON,EXXON CORP,65.50000,0.001912,4
11850,19931029,XON,EXXON CORP,65.37500,-0.001908,4
11850,19931130,XON,EXXON CORP,62.75000,-0.029140,4
11850,19931231,XON,EXXON CORP,63.12500,0.005976,4
11850,19940131,XON,EXXON CORP,66.50000,0.053465,4
11850,19940228,XON,EXXON CORP,64.87500,-0.013609,4
11850,19940331,XON,EXXON CORP,62.87500,-0.030829,4
11850,19940429,XON,EXXON CORP,62.87500,0.000000,4
11850,19940531,XON,EXXON CORP,61.12500,-0.016382,4
11850,19940630,XON,EXXON CORP,56.75000,-0.071575,4
11850,19940729,XON,EXXON CORP,59.50000,0.048458,4
11850,19940831,XON,EXXON CORP,59.50000,0.012101,4
11850,19940930,XON,EXXON CORP,57.50000,-0.033613,4
11850,19941031,XON,EXXON CORP,62.87500,0.093478,4
11850,19941130,XON,EXXON CORP,60.37500,-0.027833,4
11850,19941230,XON,EXXON CORP,60.75000,0.006211,4
11850,19950131,XON,EXXON CORP,62.50000,0.028807,4
11850,19950228,XON,EXXON CORP,63.87500,0.034000,4
11850,19950331,XON,EXXON CORP,66.62500,0.043053,4
11850,19950428,XON,EXXON CORP,69.50000,0.043152,4
11850,19950531,XON,EXXON CORP,71.37500,0.037770,4
11850,19950630,XON,EXXON CORP,70.62500,-0.010508,4
11850,19950731,XON,EXXON CORP,72.50000,0.026549,4
11850,19950831,XON,EXXON CORP,68.75000,-0.041379,4
11850,19950929,XON,EXXON CORP,72.25000,0.050909,4
11850,19951031,XON,EXXON CORP,76.37500,0.057093,4
11850,19951130,XON,EXXON CORP,77.37500,0.022913,4
11850,19951229,XON,EXXON CORP,81.12500,0.048465,4
11850,19960131,XON,EXXON CORP,80.25000,-0.010786,4
11850,19960229,XON,EXXON CORP,79.50000,0.000000,4
11850,19960329,XON,EXXON CORP,81.50000,0.025157,4
11850,19960430,XON,EXXON CORP,85.00000,0.042945,4
11850,19960531,XON,EXXON CORP,84.75000,0.006353,4
11850,19960628,XON,EXXON CORP,86.87500,0.025074,4
11850,19960731,XON,EXXON CORP,82.25000,-0.053237,4
11850,19960830,XON,EXXON CORP,81.50000,0.000486,4
11850,19960930,XON,EXXON CORP,83.25000,0.021472,4
11850,19961031,XON,EXXON CORP,88.62500,0.064565,4
11850,19961129,XON,EXXON CORP,94.37500,0.073794,4
11850,19961231,XON,EXXON CORP,98.00000,0.038411,4
11850,19970131,XON,EXXON CORP,103.62500,0.057398,4
11850,19970228,XON,EXXON CORP,100.25000,-0.024946,4
11850,19970331,XON,EXXON CORP,107.75000,0.074813,4
11850,19970430,XON,EXXON CORP,56.62500,0.051044,2
11850,19970530,XON,EXXON CORP,59.25000,0.053598,2
11850,19970630,XON,EXXON CORP,61.25000,0.033755,2
11850,19970731,XON,EXXON CORP,64.25000,0.048980,2
11850,19970829,XON,EXXON CORP,61.18750,-0.041284,2
11850,19970930,XON,EXXON CORP,64.06250,0.046987,2
11850,19971031,XON,EXXON CORP,61.43750,-0.040976,2
11850,19971128,XON,EXXON CORP,61.00000,-0.000448,2
11850,19971231,XON,EXXON CORP,61.18750,0.003074,2
11850,19980130,XON,EXXON CORP,59.31250,-0.030644,2
11850,19980227,XON,EXXON CORP,63.75000,0.081728,2
11850,19980331,XON,EXXON CORP,67.62500,0.060784,2
11850,19980430,XON,EXXON CORP,73.06250,0.080407,2
11850,19980529,XON,EXXON CORP,70.50000,-0.029461,2
11850,19980630,XON,EXXON CORP,71.37500,0.012411,2
11850,19980731,XON,EXXON CORP,70.25000,-0.015762,2
11850,19980831,XON,EXXON CORP,65.43750,-0.062669,2
11850,19980930,XON,EXXON CORP,70.62500,0.079274,2
11850,19981030,XON,EXXON CORP,71.62500,0.014159,2
11850,19981130,XON,EXXON CORP,75.00000,0.052845,2
11850,19981231,XON,EXXON CORP,73.12500,-0.025000,2
11850,19990129,XON,EXXON CORP,70.25000,-0.039316,2
11850,19990226,XON,EXXON CORP,66.56250,-0.046655,2
11850,19990331,XON,EXXON CORP,70.56250,0.060094,2
11850,19990430,XON,EXXON CORP,83.06250,0.177148,2
11850,19990528,XON,EXXON CORP,79.87500,-0.033439,2
11850,19990630,XON,EXXON CORP,77.12500,-0.034429,2
11850,19990730,XON,EXXON CORP,79.37500,0.029173,2
11850,19990831,XON,EXXON CORP,78.87500,-0.001134,2
11850,19990930,XON,EXXON CORP,76.00000,-0.036450,2
11850,19991029,XON,EXXON CORP,74.06250,-0.025493,2
11850,19991130,XON,EXXON CORP,79.31250,0.076827,2
11850,19991231,XOM,EXXON MOBIL CORP,80.56250,0.015760,2
11850,20000131,XOM,EXXON MOBIL CORP,83.43750,0.035687,2
11850,20000229,XOM,EXXON MOBIL CORP,75.31250,-0.092105,2
11850,20000331,XOM,EXXON MOBIL CORP,77.93750,0.034855,2
11850,20000428,XOM,EXXON MOBIL CORP,77.68750,-0.003208,2
11850,20000531,XOM,EXXON MOBIL CORP,83.31250,0.078069,2
11850,20000630,XOM,EXXON MOBIL CORP,78.50000,-0.057764,2
11850,20000731,XOM,EXXON MOBIL CORP,80.00000,0.019108,2
11850,20000831,XOM,EXXON MOBIL CORP,81.62500,0.025812,2
11850,20000929,XOM,EXXON MOBIL CORP,89.12500,0.091884,2
11850,20001031,XOM,EXXON MOBIL CORP,89.18750,0.000701,2
11850,20001130,XOM,EXXON MOBIL CORP,88.00000,-0.008381,2
11850,20001229,XOM,EXXON MOBIL CORP,86.93750,-0.012074,2
11850,20010131,XOM,EXXON MOBIL CORP,84.15000,-0.032063,2
11850,20010228,XOM,EXXON MOBIL CORP,81.05000,-0.031610,2
11850,20010330,XOM,EXXON MOBIL CORP,81.00000,-0.000617,2
11850,20010430,XOM,EXXON MOBIL CORP,88.60000,0.093827,2
11850,20010531,XOM,EXXON MOBIL CORP,88.75000,0.006659,2
11850,20010629,XOM,EXXON MOBIL CORP,87.35000,-0.015549,2
11850,20010731,XOM,EXXON MOBIL CORP,41.76000,-0.043847,1
11850,20010831,XOM,EXXON MOBIL CORP,40.15000,-0.033046,1
11850,20010928,XOM,EXXON MOBIL CORP,39.40000,-0.018680,1
11850,20011031,XOM,EXXON MOBIL CORP,39.45000,0.001269,1
11850,20011130,XOM,EXXON MOBIL CORP,37.40000,-0.046134,1
11850,20011231,XOM,EXXON MOBIL CORP,39.30000,0.050802,1
11850,20020131,XOM,EXXON MOBIL CORP,39.05000,-0.006361,1
11850,20020228,XOM,EXXON MOBIL CORP,41.30000,0.063508,1
11850,20020328,XOM,EXXON MOBIL CORP,43.83000,0.061259,1
11850,20020430,XOM,EXXON MOBIL CORP,40.17000,-0.083505,1
11850,20020531,XOM,EXXON MOBIL CORP,39.93000,-0.000249,1
11850,20020628,XOM,EXXON MOBIL CORP,40.92000,0.024793,1
11850,20020731,XOM,EXXON MOBIL CORP,36.76000,-0.101662,1
11850,20020830,XOM,EXXON MOBIL CORP,35.45000,-0.029380,1
11850,20020930,XOM,EXXON MOBIL CORP,31.90000,-0.100141,1
11850,20021031,XOM,EXXON MOBIL CORP,33.66000,0.055172,1
11850,20021129,XOM,EXXON MOBIL CORP,34.80000,0.040701,1
11850,20021231,XOM,EXXON MOBIL CORP,34.94000,0.004023,1
11850,20030131,XOM,EXXON MOBIL CORP,34.15000,-0.022610,1
11850,20030228,XOM,EXXON MOBIL CORP,34.02000,0.002928,1
11850,20030331,XOM,EXXON MOBIL CORP,34.95000,0.027337,1
11850,20030430,XOM,EXXON MOBIL CORP,35.20000,0.007153,1
11850,20030530,XOM,EXXON MOBIL CORP,36.40000,0.041193,1
11850,20030630,XOM,EXXON MOBIL CORP,35.91000,-0.013462,1
11850,20030731,XOM,EXXON MOBIL CORP,35.58000,-0.009190,1
11850,20030829,XOM,EXXON MOBIL CORP,37.70000,0.066610,1
11850,20030930,XOM,EXXON MOBIL CORP,36.60000,-0.029178,1
11850,20031031,XOM,EXXON MOBIL CORP,36.58000,-0.000546,1
11850,20031128,XOM,EXXON MOBIL CORP,36.20000,-0.003554,1
11850,20031231,XOM,EXXON MOBIL CORP,41.00000,0.132597,1
11850,20040130,XOM,EXXON MOBIL CORP,40.79000,-0.005122,1
11850,20040227,XOM,EXXON MOBIL CORP,42.17000,0.039961,1
11850,20040331,XOM,EXXON MOBIL CORP,41.59000,-0.013754,1
11850,20040430,XOM,EXXON MOBIL CORP,42.55000,0.023082,1
11850,20040528,XOM,EXXON MOBIL CORP,43.25000,0.022797,1
11850,20040630,XOM,EXXON MOBIL CORP,44.41000,0.026821,1
11850,20040730,XOM,EXXON MOBIL CORP,46.30000,0.042558,1
11850,20040831,XOM,EXXON MOBIL CORP,46.10000,0.001512,1
11850,20040930,XOM,EXXON MOBIL CORP,48.33000,0.048373,1
11850,20041029,XOM,EXXON MOBIL CORP,49.22000,0.018415,1
11850,20041130,XOM,EXXON MOBIL CORP,51.25000,0.046729,1
11850,20041231,XOM,EXXON MOBIL CORP,51.26000,0.000195,1
11850,20050131,XOM,EXXON MOBIL CORP,51.60000,0.006633,1
11850,20050228,XOM,EXXON MOBIL CORP,63.31000,0.232171,1
11850,20050331,XOM,EXXON MOBIL CORP,59.60000,-0.058601,1
11850,20050429,XOM,EXXON MOBIL CORP,57.03000,-0.043121,1
11850,20050531,XOM,EXXON MOBIL CORP,56.20000,-0.009469,1
11850,20050630,XOM,EXXON MOBIL CORP,57.47000,0.022598,1
11850,20050729,XOM,EXXON MOBIL CORP,58.75000,0.022272,1
11850,20050831,XOM,EXXON MOBIL CORP,59.90000,0.024511,1
11850,20050930,XOM,EXXON MOBIL CORP,63.54000,0.060768,1
11850,20051031,XOM,EXXON MOBIL CORP,56.14000,-0.116462,1
11850,20051130,XOM,EXXON MOBIL CORP,58.03000,0.038831,1
11850,20051230,XOM,EXXON MOBIL CORP,56.17000,-0.032052,1
11850,20060131,XOM,EXXON MOBIL CORP,62.75000,0.117144,1
11850,20060228,XOM,EXXON MOBIL CORP,59.37000,-0.048765,1
11850,20060331,XOM,EXXON MOBIL CORP,60.86000,0.025097,1
11850,20060428,XOM,EXXON MOBIL CORP,63.08000,0.036477,1
11850,20060531,XOM,EXXON MOBIL CORP,60.91000,-0.029328,1
11850,20060630,XOM,EXXON MOBIL CORP,61.35000,0.007224,1
11850,20060731,XOM,EXXON MOBIL CORP,67.74000,0.104156,1
11850,20060831,XOM,EXXON MOBIL CORP,67.67000,0.003691,1
11850,20060929,XOM,EXXON MOBIL CORP,67.10000,-0.008423,1
11850,20061031,XOM,EXXON MOBIL CORP,71.42000,0.064382,1
11850,20061130,XOM,EXXON MOBIL CORP,76.81000,0.079950,1
11850,20061229,XOM,EXXON MOBIL CORP,76.63000,-0.002343,1
11850,20070131,XOM,EXXON MOBIL CORP,74.10000,-0.033016,1
11850,20070228,XOM,EXXON MOBIL CORP,71.68000,-0.028340,1
11850,20070330,XOM,EXXON MOBIL CORP,75.45000,0.052595,1
11850,20070430,XOM,EXXON MOBIL CORP,79.38000,0.052087,1
11850,20070531,XOM,EXXON MOBIL CORP,83.17000,0.052154,1
11850,20070629,XOM,EXXON MOBIL CORP,83.88000,0.008537,1
11850,20070731,XOM,EXXON MOBIL CORP,85.13000,0.014902,1
11850,20070831,XOM,EXXON MOBIL CORP,85.73000,0.011159,1
11850,20070928,XOM,EXXON MOBIL CORP,92.56000,0.079669,1
11850,20071031,XOM,EXXON MOBIL CORP,91.99000,-0.006158,1
11850,20071130,XOM,EXXON MOBIL CORP,89.16000,-0.026959,1
11850,20071231,XOM,EXXON MOBIL CORP,93.69000,0.050808,1
11850,20080131,XOM,EXXON MOBIL CORP,86.40000,-0.077810,1
11850,20080229,XOM,EXXON MOBIL CORP,87.01000,0.011111,1
11850,20080331,XOM,EXXON MOBIL CORP,84.58000,-0.027928,1
11850,20080430,XOM,EXXON MOBIL CORP,93.07000,0.100378,1
11850,20080530,XOM,EXXON MOBIL CORP,88.76000,-0.042011,1
11850,20080630,XOM,EXXON MOBIL CORP,88.13000,-0.007098,1
11850,20080731,XOM,EXXON MOBIL CORP,80.43000,-0.087371,1
11850,20080829,XOM,EXXON MOBIL CORP,80.01000,-0.000249,1
11850,20080930,XOM,EXXON MOBIL CORP,77.66000,-0.029371,1
11850,20081031,XOM,EXXON MOBIL CORP,74.12000,-0.045583,1
11850,20081128,XOM,EXXON MOBIL CORP,80.15000,0.086751,1
11850,20081231,XOM,EXXON MOBIL CORP,79.83000,-0.003993,1
11850,20090130,XOM,EXXON MOBIL CORP,76.48000,-0.041964,1
11850,20090227,XOM,EXXON MOBIL CORP,67.90000,-0.106956,1
11850,20090331,XOM,EXXON MOBIL CORP,68.10000,0.002945,1
11850,20090430,XOM,EXXON MOBIL CORP,66.67000,-0.020999,1
11850,20090529,XOM,EXXON MOBIL CORP,69.35000,0.046498,1
11850,20090630,XOM,EXXON MOBIL CORP,69.91000,0.008075,1
11850,20090731,XOM,EXXON MOBIL CORP,70.39000,0.006866,1
11850,20090831,XOM,EXXON MOBIL CORP,69.15000,-0.011649,1
11850,20090930,XOM,EXXON MOBIL CORP,68.61000,-0.007809,1
11850,20091030,XOM,EXXON MOBIL CORP,71.67000,0.044600,1
11850,20091130,XOM,EXXON MOBIL CORP,75.07000,0.053300,1
11850,20091231,XOM,EXXON MOBIL CORP,68.19000,-0.091648,1
11850,20100129,XOM,EXXON MOBIL CORP,64.43000,-0.055140,1
11850,20100226,XOM,EXXON MOBIL CORP,65.00000,0.015366,1
11850,20100331,XOM,EXXON MOBIL CORP,66.98000,0.030462,1
11850,20100430,XOM,EXXON MOBIL CORP,67.77000,0.011794,1
11850,20100528,XOM,EXXON MOBIL CORP,60.46000,-0.101372,1
11850,20100630,XOM,EXXON MOBIL CORP,57.07000,-0.056070,1
11850,20100730,XOM,EXXON MOBIL CORP,59.68000,0.045733,1
11850,20100831,XOM,EXXON MOBIL CORP,59.11000,-0.002178,1
11850,20100930,XOM,EXXON MOBIL CORP,61.79000,0.045339,1
11850,20101029,XOM,EXXON MOBIL CORP,66.49000,0.076064,1
11850,20101130,XOM,EXXON MOBIL CORP,69.56000,0.052790,1
11850,20101231,XOM,EXXON MOBIL CORP,73.12000,0.051179,1
11850,20110131,XOM,EXXON MOBIL CORP,80.68000,0.103392,1
11850,20110228,XOM,EXXON MOBIL CORP,85.53000,0.065568,1
11850,20110331,XOM,EXXON MOBIL CORP,84.13000,-0.016369,1
11850,20110429,XOM,EXXON MOBIL CORP,87.98000,0.045763,1
11850,20110531,XOM,EXXON MOBIL CORP,83.47000,-0.045920,1
11850,20110630,XOM,EXXON MOBIL CORP,81.38000,-0.025039,1
11850,20110729,XOM,EXXON MOBIL CORP,79.79000,-0.019538,1
11850,20110831,XOM,EXXON MOBIL CORP,74.02000,-0.066424,1
11850,20110930,XOM,EXXON MOBIL CORP,72.63000,-0.018779,1
11850,20111031,XOM,EXXON MOBIL CORP,78.09000,0.075176,1
11850,20111130,XOM,EXXON MOBIL CORP,80.44000,0.036112,1
11850,20111230,XOM,EXXON MOBIL CORP,84.76000,0.053705,1
11850,20120131,XOM,EXXON MOBIL CORP,83.74000,-0.012034,1
11850,20120229,XOM,EXXON MOBIL CORP,86.50000,0.038572,1
11850,20120330,XOM,EXXON MOBIL CORP,86.73000,0.002659,1
11850,20120430,XOM,EXXON MOBIL CORP,86.34000,-0.004497,1
11850,20120531,XOM,EXXON MOBIL CORP,78.63000,-0.082696,1
11850,20120629,XOM,EXXON MOBIL CORP,85.57000,0.088262,1
11850,20120731,XOM,EXXON MOBIL CORP,86.85000,0.014958,1
11850,20120831,XOM,EXXON MOBIL CORP,87.30000,0.011744,1
11850,20120928,XOM,EXXON MOBIL CORP,91.45000,0.047537,1
11850,20121031,XOM,EXXON MOBIL CORP,91.17000,-0.003062,1
11850,20121130,XOM,EXXON MOBIL CORP,88.14000,-0.026983,1
11850,20121231,XOM,EXXON MOBIL CORP,86.55000,-0.018039,1
11850,20130131,XOM,EXXON MOBIL CORP,89.97000,0.039515,1
11850,20130228,XOM,EXXON MOBIL CORP,89.55000,0.001667,1
11850,20130328,XOM,EXXON MOBIL CORP,90.11000,0.006253,1
11850,20130430,XOM,EXXON MOBIL CORP,88.99000,-0.012429,1
11850,20130531,XOM,EXXON MOBIL CORP,90.47000,0.023711,1
11850,20130628,XOM,EXXON MOBIL CORP,90.35000,-0.001326,1
11850,20130731,XOM,EXXON MOBIL CORP,93.75000,0.037631,1
11850,20130830,XOM,EXXON MOBIL CORP,87.16000,-0.063573,1
11850,20130930,XOM,EXXON MOBIL CORP,86.04000,-0.012850,1
11850,20131031,XOM,EXXON MOBIL CORP,89.62000,0.041609,1
11850,20131129,XOM,EXXON MOBIL CORP,93.48000,0.050100,1
11850,20131231,XOM,EXXON MOBIL CORP,101.20000,0.082584,1
11850,20140131,XOM,EXXON MOBIL CORP,92.16000,-0.089328,1
11850,20140228,XOM,EXXON MOBIL CORP,96.27000,0.051432,1
11850,20140331,XOM,EXXON MOBIL CORP,97.68000,0.014646,1
11850,20140430,XOM,EXXON MOBIL CORP,102.41000,0.048423,1
11850,20140530,XOM,EXXON MOBIL CORP,100.53000,-0.011620,1
11850,20140630,XOM,EXXON MOBIL CORP,100.68000,0.001492,1
11850,20140731,XOM,EXXON MOBIL CORP,98.94000,-0.017282,1
11850,20140829,XOM,EXXON MOBIL CORP,99.46000,0.012230,1
11850,20140930,XOM,EXXON MOBIL CORP,94.05000,-0.054394,1
11850,20141031,XOM,EXXON MOBIL CORP,96.71000,0.028283,1
11850,20141128,XOM,EXXON MOBIL CORP,90.54000,-0.056664,1
11850,20141231,XOM,EXXON MOBIL CORP,92.45000,0.021096,1
11850,20150130,XOM,EXXON MOBIL CORP,87.42000,-0.054408,1
11850,20150227,XOM,EXXON MOBIL CORP,88.54000,0.020705,1
11850,20150331,XOM,EXXON MOBIL CORP,85.00000,-0.039982,1
11850,20150430,XOM,EXXON MOBIL CORP,87.37000,0.027882,1
11850,20150529,XOM,EXXON MOBIL CORP,85.20000,-0.016482,1
11850,20150630,XOM,EXXON MOBIL CORP,83.20000,-0.023474,1
11850,20150731,XOM,EXXON MOBIL CORP,79.21000,-0.047957,1
11850,20150831,XOM,EXXON MOBIL CORP,75.24000,-0.040904,1
11850,20150930,XOM,EXXON MOBIL CORP,74.35000,-0.011829,1
11850,20151030,XOM,EXXON MOBIL CORP,82.74000,0.112845,1
11850,20151130,XOM,EXXON MOBIL CORP,81.66000,-0.004230,1
11850,20151231,XOM,EXXON MOBIL CORP,77.95000,-0.045432,1
11850,20160129,XOM,EXXON MOBIL CORP,77.85000,-0.001283,1
11850,20160229,XOM,EXXON MOBIL CORP,80.15000,0.038921,1
11850,20160331,XOM,EXXON MOBIL CORP,83.59000,0.042919,1
11850,20160429,XOM,EXXON MOBIL CORP,88.40000,0.057543,1
11850,20160531,XOM,EXXON MOBIL CORP,89.02000,0.015498,1
11850,20160630,XOM,EXXON MOBIL CORP,93.74000,0.053022,1
11850,20160729,XOM,EXXON MOBIL CORP,88.95000,-0.051099,1
11850,20160831,XOM,EXXON MOBIL CORP,87.14000,-0.011917,1
11850,20160930,XOM,EXXON MOBIL CORP,87.28000,0.001607,1
11850,20161031,XOM,EXXON MOBIL CORP,83.32000,-0.045371,1
11850,20161130,XOM,EXXON MOBIL CORP,87.30000,0.056769,1
11850,20161230,XOM,EXXON MOBIL CORP,90.26000,0.033906,1
11850,20170131,XOM,EXXON MOBIL CORP,83.89000,-0.070574,1
11850,20170228,XOM,EXXON MOBIL CORP,81.32000,-0.021695,1
11850,20170331,XOM,EXXON MOBIL CORP,82.01000,0.008485,1
11850,20170428,XOM,EXXON MOBIL CORP,81.65000,-0.004390,1
11850,20170531,XOM,EXXON MOBIL CORP,80.50000,-0.004654,1
11850,20170630,XOM,EXXON MOBIL CORP,80.73000,0.002857,1
11850,20170731,XOM,EXXON MOBIL CORP,80.04000,-0.008547,1
11850,20170831,XOM,EXXON MOBIL CORP,76.33000,-0.036732,1
11850,20170929,XOM,EXXON MOBIL CORP,81.98000,0.074021,1
11850,20171031,XOM,EXXON MOBIL CORP,83.35000,0.016711,1
11850,20171130,XOM,EXXON MOBIL CORP,83.29000,0.008518,1
11850,20171229,XOM,EXXON MOBIL CORP,83.64000,0.004202,1
11850,20180131,XOM,EXXON MOBIL CORP,87.30000,0.043759,1
11850,20180228,XOM,EXXON MOBIL CORP,75.74000,-0.123597,1
11850,20180329,XOM,EXXON MOBIL CORP,74.61000,-0.014919,1
11850,20180430,XOM,EXXON MOBIL CORP,77.75000,0.042086,1
11850,20180531,XOM,EXXON MOBIL CORP,81.24000,0.055434,1
11850,20180629,XOM,EXXON MOBIL CORP,82.73000,0.018341,1
11850,20180731,XOM,EXXON MOBIL CORP,81.51000,-0.014747,1
11850,20180831,XOM,EXXON MOBIL CORP,80.17000,-0.006380,1
11850,20180928,XOM,EXXON MOBIL CORP,85.02000,0.060496,1
11850,20181031,XOM,EXXON MOBIL CORP,79.68000,-0.062809,1
11850,20181130,XOM,EXXON MOBIL CORP,79.50000,0.008032,1
11850,20181231,XOM,EXXON MOBIL CORP,68.19000,-0.142264,1
11850,20190131,XOM,EXXON MOBIL CORP,73.28000,0.074644,1
11850,20190228,XOM,EXXON MOBIL CORP,79.03000,0.089656,1
11850,20190329,XOM,EXXON MOBIL CORP,80.80000,0.022397,1
11850,20190430,XOM,EXXON MOBIL CORP,80.28000,-0.006436,1
11850,20190531,XOM,EXXON MOBIL CORP,70.77000,-0.107623,1
11850,20190628,XOM,EXXON MOBIL CORP,76.63000,0.082803,1
11850,20190731,XOM,EXXON MOBIL CORP,74.36000,-0.029623,1
11850,20190830,XOM,EXXON MOBIL CORP,68.48000,-0.067375,1
11850,20190930,XOM,EXXON MOBIL CORP,70.61000,0.031104,1
11850,20191031,XOM,EXXON MOBIL CORP,67.57000,-0.043053,1
11850,20191129,XOM,EXXON MOBIL CORP,68.13000,0.021163,1
11850,20191231,XOM,EXXON MOBIL CORP,69.78000,0.024218,1
11850,20200131,XOM,EXXON MOBIL CORP,62.12000,-0.109774,1
11850,20200228,XOM,EXXON MOBIL CORP,51.44000,-0.157920,1
11850,20200331,XOM,EXXON MOBIL CORP,37.97000,-0.261858,1
11850,20200430,XOM,EXXON MOBIL CORP,46.47000,0.223861,1
11850,20200529,XOM,EXXON MOBIL CORP,45.47000,-0.002798,1
11850,20200630,XOM,EXXON MOBIL CORP,44.72000,-0.016494,1
11850,20200731,XOM,EXXON MOBIL CORP,42.08000,-0.059034,1
11850,20200831,XOM,EXXON MOBIL CORP,39.94000,-0.030181,1
11850,20200930,XOM,EXXON MOBIL CORP,34.33000,-0.140461,1
11850,20201030,XOM,EXXON MOBIL CORP,32.62000,-0.049811,1
11850,20201130,XOM,EXXON MOBIL CORP,38.13000,0.195586,1
11850,20201231,XOM,EXXON MOBIL CORP,41.22000,0.081039,1
11850,20210129,XOM,EXXON MOBIL CORP,44.84000,0.087821,1
11850,20210226,XOM,EXXON MOBIL CORP,54.37000,0.231936,1
11850,20210331,XOM,EXXON MOBIL CORP,55.83000,0.026853,1
11850,20210430,XOM,EXXON MOBIL CORP,57.24000,0.025255,1
11850,20210528,XOM,EXXON MOBIL CORP,58.37000,0.034941,1
11850,20210630,XOM,EXXON MOBIL CORP,63.08000,0.080692,1
11850,20210730,XOM,EXXON MOBIL CORP,57.57000,-0.087349,1
11850,20210831,XOM,EXXON MOBIL CORP,54.52000,-0.037867,1
11850,20210930,XOM,EXXON MOBIL CORP,58.82000,0.078870,1
11850,20211029,XOM,EXXON MOBIL CORP,64.47000,0.096056,1
11850,20211130,XOM,EXXON MOBIL CORP,59.84000,-0.058167,1
11850,20211231,XOM,EXXON MOBIL CORP,61.19000,0.022560,1
11850,20220131,XOM,EXXON MOBIL CORP,75.96000,0.241379,1
11850,20220228,XOM,EXXON MOBIL CORP,78.42000,0.043970,1
11850,20220331,XOM,EXXON MOBIL CORP,82.59000,0.053175,1
11850,20220429,XOM,EXXON MOBIL CORP,85.25000,0.032207,1
11850,20220531,XOM,EXXON MOBIL CORP,96.00000,0.136422,1
11850,20220630,XOM,EXXON MOBIL CORP,85.64000,-0.107917,1
11850,20220729,XOM,EXXON MOBIL CORP,96.93000,0.131831,1
11850,20220831,XOM,EXXON MOBIL CORP,95.59000,-0.004746,1
11850,20220930,XOM,EXXON MOBIL CORP,87.31000,-0.086620,1
11850,20221031,XOM,EXXON MOBIL CORP,110.81000,0.269156,1
11850,20221130,XOM,EXXON MOBIL CORP,111.34000,0.012995,1
11850,20221230,XOM,EXXON MOBIL CORP,110.30000,-0.009341,1
11850,20230131,XOM,EXXON MOBIL CORP,116.01000,0.051768,1
11850,20230228,XOM,EXXON MOBIL CORP,109.91000,-0.044738,1
11850,20230331,XOM,EXXON MOBIL CORP,109.66000,-0.002275,1
11850,20230428,XOM,EXXON MOBIL CORP,118.34000,0.079154,1
11850,20230531,XOM,EXXON MOBIL CORP,102.18000,-0.128866,1
11850,20230630,XOM,EXXON MOBIL CORP,107.25000,0.049618,1
11850,20230731,XOM,EXXON MOBIL CORP,107.24000,-0.000093,1
11850,20230831,XOM,EXXON MOBIL CORP,111.19000,0.045319,1
11850,20230929,XOM,EXXON MOBIL CORP,117.58000,0.057469,1
11850,20231031,XOM,EXXON MOBIL CORP,105.85000,-0.099762,1
11850,20231130,XOM,EXXON MOBIL CORP,102.74000,-0.020406,1
11850,20231229,XOM,EXXON MOBIL CORP,99.98000,-0.026864,1
14541,19900131,CHV,CHEVRON CORP,66.87500,-0.012915,4
14541,19900228,CHV,CHEVRON CORP,67.12500,0.014206,4
14541,19900330,CHV,CHEVRON CORP,67.50000,0.005587,4
14541,19900430,CHV,CHEVRON CORP,65.87500,-0.024074,4
14541,19900531,CHV,CHEVRON CORP,70.00000,0.073245,4
14541,19900629,CHV,CHEVRON CORP,70.37500,0.005357,4
14541,19900731,CHV,CHEVRON CORP,79.37500,0.138899,4
14541,19900831,CHV,CHEVRON CORP,75.87500,-0.044094,4
14541,19900928,CHV,CHEVRON CORP,74.00000,-0.024712,4
14541,19901031,CHV,CHEVRON CORP,68.12500,-0.079392,4
14541,19901130,CHV,CHEVRON CORP,69.87500,0.037064,4
14541,19901231,CHV,CHEVRON CORP,72.62500,0.039356,4
14541,19910131,CHV,CHEVRON CORP,71.37500,-0.017212,4
14541,19910228,CHV,CHEVRON CORP,75.25000,0.065149,4
14541,19910328,CHV,CHEVRON CORP,77.00000,0.023256,4
14541,19910430,CHV,CHEVRON CORP,77.37500,0.015584,4
14541,19910531,CHV,CHEVRON CORP,73.87500,-0.045234,4
14541,19910628,CHV,CHEVRON CORP,70.37500,-0.047377,4
14541,19910731,CHV,CHEVRON CORP,72.12500,0.024867,4
14541,19910830,CHV,CHEVRON CORP,71.75000,0.006239,4
14541,19910930,CHV,CHEVRON CORP,73.50000,0.024390,4
14541,19911031,CHV,CHEVRON CORP,74.75000,0.017007,4
14541,19911129,CHV,CHEVRON CORP,66.75000,-0.095987,4
14541,19911231,CHV,CHEVRON CORP,69.00000,0.033708,4
14541,19920131,CHV,CHEVRON CORP,63.62500,-0.077899,4
14541,19920228,CHV,CHEVRON CORP,61.62500,-0.018468,4
14541,19920331,CHV,CHEVRON CORP,64.00000,0.038540,4
14541,19920430,CHV,CHEVRON CORP,69.75000,0.089844,4
14541,19920529,CHV,CHEVRON CORP,71.37500,0.035125,4
14541,19920630,CHV,CHEVRON CORP,67.00000,-0.061296,4
14541,19920731,CHV,CHEVRON CORP,71.37500,0.065299,4
14541,19920831,CHV,CHEVRON CORP,73.50000,0.041331,4
14541,19920930,CHV,CHEVRON CORP,74.12500,0.008503,4
14541,19921030,CHV,CHEVRON CORP,71.00000,-0.042159,4
14541,19921130,CHV,CHEVRON CORP,68.75000,-0.020070,4
14541,19921231,CHV,CHEVRON CORP,69.50000,0.010909,4
14541,19930129,CHV,CHEVRON CORP,72.75000,0.046763,4
14541,19930226,CHV,CHEVRON CORP,77.00000,0.070447,4
14541,19930331,CHV,CHEVRON CORP,83.12500,0.079545,4
14541,19930430,CHV,CHEVRON CORP,86.12500,0.036090,4
14541,19930528,CHV,CHEVRON CORP,88.12500,0.033382,4
14541,19930630,CHV,CHEVRON CORP,87.75000,-0.004255,4
14541,19930730,CHV,CHEVRON CORP,88.37500,0.007123,4
14541,19930831,CHV,CHEVRON CORP,93.12500,0.063649,4
14541,19930930,CHV,CHEVRON CORP,97.75000,0.049664,4
14541,19931029,CHV,CHEVRON CORP,97.00000,-0.007673,4
14541,19931130,CHV,CHEVRON CORP,86.87500,-0.095361,4
14541,19931231,CHV,CHEVRON CORP,87.12500,0.002878,4
14541,19940131,CHV,CHEVRON CORP,93.37500,0.071736,4
14541,19940228,CHV,CHEVRON CORP,86.62500,-0.062383,4
14541,19940331,CHV,CHEVRON CORP,84.00000,-0.030303,4
14541,19940429,CHV,CHEVRON CORP,89.00000,0.059524,4
14541,19940531,CHV,CHEVRON CORP,87.00000,-0.012079,4
14541,19940630,CHV,CHEVRON CORP,41.87500,-0.037356,2
14541,19940729,CHV,CHEVRON CORP,44.37500,0.059701,2
14541,19940831,CHV,CHEVRON CORP,42.37500,-0.034648,2
14541,19940930,CHV,CHEVRON CORP,41.62500,-0.017699,2
14541,19941031,CHV,CHEVRON CORP,45.00000,0.081081,2
14541,19941130,CHV,CHEVRON CORP,43.62500,-0.020278,2
14541,19941230,CHV,CHEVRON CORP,44.62500,0.022923,2
14541,19950131,CHV,CHEVRON CORP,44.62500,0.000000,2
14541,19950228,CHV,CHEVRON CORP,47.62500,0.077591,2
14541,19950331,CHV,CHEVRON CORP,48.00000,0.007874,2
14541,19950428,CHV,CHEVRON CORP,47.37500,-0.013021,2
14541,19950531,CHV,CHEVRON CORP,49.12500,0.046702,2
14541,19950630,CHV,CHEVRON CORP,46.37500,-0.055980,2
14541,19950731,CHV,CHEVRON CORP,49.37500,0.064690,2
14541,19950831,CHV,CHEVRON CORP,48.37500,-0.010127,2
14541,19950929,CHV,CHEVRON CORP,48.75000,0.007752,2
14541,19951031,CHV,CHEVRON CORP,46.75000,-0.041026,2
14541,19951130,CHV,CHEVRON CORP,49.37500,0.066845,2
14541,19951229,CHV,CHEVRON CORP,52.37500,0.060759,2
14541,19960131,CHV,CHEVRON CORP,51.87500,-0.009547,2
14541,19960229,CHV,CHEVRON CORP,55.62500,0.081928,2
14541,19960329,CHV,CHEVRON CORP,56.12500,0.008989,2
14541,19960430,CHV,CHEVRON CORP,58.00000,0.033408,2
14541,19960531,CHV,CHEVRON CORP,59.75000,0.038793,2
14541,19960628,CHV,CHEVRON CORP,59.00000,-0.012552,2
14541,19960731,CHV,CHEVRON CORP,57.87500,-0.019068,2
14541,19960830,CHV,CHEVRON CORP,58.87500,0.026609,2
14541,19960930,CHV,CHEVRON CORP,62.62500,0.063694,2
14541,19961031,CHV,CHEVRON CORP,65.75000,0.049900,2
14541,19961129,CHV,CHEVRON CORP,67.00000,0.027224,2
14541,19961231,CHV,CHEVRON CORP,65.00000,-0.029851,2
14541,19970131,CHV,CHEVRON CORP,66.37500,0.021154,2
14541,19970228,CHV,CHEVRON CORP,64.50000,-0.020113,2
14541,19970331,CHV,CHEVRON CORP,69.62500,0.079457,2
14541,19970430,CHV,CHEVRON CORP,68.50000,-0.016158,2
14541,19970530,CHV,CHEVRON CORP,70.00000,0.030365,2
14541,19970630,CHV,CHEVRON CORP,73.93750,0.056250,2
14541,19970731,CHV,CHEVRON CORP,79.00000,0.068470,2
14541,19970829,CHV,CHEVRON CORP,77.43750,-0.012437,2
14541,19970930,CHV,CHEVRON CORP,83.06250,0.072639,2
14541,19971031,CHV,CHEVRON CORP,82.93750,-0.001505,2
14541,19971128,CHV,CHEVRON CORP,80.18750,-0.026164,2
14541,19971231,CHV,CHEVRON CORP,77.00000,-0.039751,2
14541,19980130,CHV,CHEVRON CORP,74.75000,-0.029221,2
14541,19980227,CHV,CHEVRON CORP,80.87500,0.090100,2
14541,19980331,CHV,CHEVRON CORP,80.31250,-0.006955,2
14541,19980430,CHV,CHEVRON CORP,82.68750,0.029572,2
14541,19980529,CHV,CHEVRON CORP,79.87500,-0.026636,2
14541,19980630,CHV,CHEVRON CORP,83.75000,0.048513,2
14541,19980731,CHV,CHEVRON CORP,82.62500,-0.013433,2
14541,19980831,CHV,CHEVRON CORP,74.06250,-0.096248,2
14541,19980930,CHV,CHEVRON CORP,84.06250,0.135021,2
14541,19981030,CHV,CHEVRON CORP,81.50000,-0.030483,2
14541,19981130,CHV,CHEVRON CORP,83.62500,0.033558,2
14541,19981231,CHV,CHEVRON CORP,82.93750,-0.008221,2
14541,19990129,CHV,CHEVRON CORP,74.50000,-0.101733,2
14541,19990226,CHV,CHEVRON CORP,76.87500,0.040067,2
14541,19990331,CHV,CHEVRON CORP,88.75000,0.154472,2
14541,19990430,CHV,CHEVRON CORP,99.75000,0.123944,2
14541,19990528,CHV,CHEVRON CORP,92.50000,-0.066566,2
14541,19990630,CHV,CHEVRON CORP,95.06250,0.027703,2
14541,19990730,CHV,CHEVRON CORP,91.25000,-0.040105,2
14541,19990831,CHV,CHEVRON CORP,92.31250,0.018329,2
14541,19990930,CHV,CHEVRON CORP,88.75000,-0.038592,2
14541,19991029,CHV,CHEVRON CORP,91.31250,0.028873,2
14541,19991130,CHV,CHEVRON CORP,88.56250,-0.022998,2
14541,19991231,CHV,CHEVRON CORP,86.62500,-0.021877,2
14541,20000131,CHV,CHEVRON CORP,83.62500,-0.034632,2
14541,20000229,CHV,CHEVRON CORP,74.68750,-0.099103,2
14541,20000331,CHV,CHEVRON CORP,92.43750,0.237657,2
14541,20000428,CHV,CHEVRON CORP,85.12500,-0.079108,2
14541,20000531,CHV,CHEVRON CORP,92.43750,0.093539,2
14541,20000630,CHV,CHEVRON CORP,84.81250,-0.082488,2
14541,20000731,CHV,CHEVRON CORP,79.00000,-0.068534,2
14541,20000831,CHV,CHEVRON CORP,84.50000,0.077848,2
14541,20000929,CHV,CHEVRON CORP,85.25000,0.008876,2
14541,20001031,CHV,CHEVRON CORP,82.12500,-0.036657,2
14541,20001130,CHV,CHEVRON CORP,81.87500,0.004871,2
14541,20001229,CHV,CHEVRON CORP,84.43750,0.031298,2
14541,20010131,CHV,CHEVRON CORP,83.28000,-0.013708,2
14541,20010228,CHV,CHEVRON CORP,85.66000,0.036383,2
14541,20010330,CHV,CHEVRON CORP,87.80000,0.024982,2
14541,20010430,CHV,CHEVRON CORP,96.56000,0.099772,2
14541,20010531,CHV,CHEVRON CORP,96.05000,0.001450,2
14541,20010629,CHV,CHEVRON CORP,90.50000,-0.057782,2
14541,20010731,CHV,CHEVRON CORP,91.39000,0.009834,2
14541,20010831,CHV,CHEVRON CORP,90.75000,0.000109,2
14541,20010928,CHV,CHEVRON CORP,84.75000,-0.066116,2
14541,20011031,CVX,CHEVRONTEXACO CORP,88.55000,0.044838,2
14541,20011130,CVX,CHEVRONTEXACO CORP,85.01000,-0.032072,2
14541,20011231,CVX,CHEVRONTEXACO CORP,89.61000,0.054111,2
14541,20020131,CVX,CHEVRONTEXACO CORP,83.80000,-0.064836,2
14541,20020228,CVX,CHEVRONTEXACO CORP,84.44000,0.015990,2
14541,20020328,CVX,CHEVRONTEXACO CORP,90.27000,0.069043,2
14541,20020430,CVX,CHEVRONTEXACO CORP,86.71000,-0.039437,2
14541,20020531,CVX,CHEVRONTEXACO CORP,87.25000,0.014301,2
14541,20020628,CVX,CHEVRONTEXACO CORP,88.50000,0.014327,2
14541,20020731,CVX,CHEVRONTEXACO CORP,75.00000,-0.152542,2
14541,20020830,CVX,CHEVRONTEXACO CORP,76.63000,0.031067,2
14541,20020930,CVX,CHEVRONTEXACO CORP,69.25000,-0.096307,2
14541,20021031,CVX,CHEVRONTEXACO CORP,67.63000,-0.023394,2
14541,20021129,CVX,CHEVRONTEXACO CORP,67.03000,0.001479,2
14541,20021231,CVX,CHEVRONTEXACO CORP,66.48000,-0.008205,2
14541,20030131,CVX,CHEVRONTEXACO CORP,64.40000,-0.031288,2
14541,20030228,CVX,CHEVRONTEXACO CORP,64.17000,0.007298,2
14541,20030331,CVX,CHEVRONTEXACO CORP,64.65000,0.007480,2
14541,20030430,CVX,CHEVRONTEXACO CORP,62.81000,-0.028461,2
14541,20030530,CVX,CHEVRONTEXACO CORP,70.94000,0.140583,2
14541,20030630,CVX,CHEVRONTEXACO CORP,72.20000,0.017761,2
14541,20030731,CVX,CHEVRONTEXACO CORP,72.11000,-0.001246,2
14541,20030829,CVX,CHEVRONTEXACO CORP,72.87000,0.020663,2
14541,20030930,CVX,CHEVRONTEXACO CORP,71.45000,-0.019487,2
14541,20031031,CVX,CHEVRONTEXACO CORP,74.30000,0.039888,2
14541,20031128,CVX,CHEVRONTEXACO CORP,75.10000,0.020592,2
14541,20031231,CVX,CHEVRONTEXACO CORP,86.39000,0.150333,2
14541,20040130,CVX,CHEVRONTEXACO CORP,86.35000,-0.000463,2
14541,20040227,CVX,CHEVRONTEXACO CORP,88.35000,0.031616,2
14541,20040331,CVX,CHEVRONTEXACO CORP,87.78000,-0.006452,2
14541,20040430,CVX,CHEVRONTEXACO CORP,91.50000,0.042379,2
14541,20040528,CVX,CHEVRONTEXACO CORP,90.40000,-0.004044,2
14541,20040630,CVX,CHEVRONTEXACO CORP,94.11000,0.041040,2
14541,20040730,CVX,CHEVRONTEXACO CORP,95.65000,0.016364,2
14541,20040831,CVX,CHEVRONTEXACO CORP,97.50000,0.027705,2
14541,20040930,CVX,CHEVRONTEXACO CORP,53.64000,0.100308,1
14541,20041029,CVX,CHEVRONTEXACO CORP,53.06000,-0.010813,1
14541,20041130,CVX,CHEVRONTEXACO CORP,54.60000,0.036562,1
14541,20041231,CVX,CHEVRONTEXACO CORP,52.51000,-0.038278,1
14541,20050131,CVX,CHEVRONTEXACO CORP,54.40000,0.035993,1
14541,20050228,CVX,CHEVRONTEXACO CORP,62.08000,0.148529,1
14541,20050331,CVX,CHEVRONTEXACO CORP,58.31000,-0.060728,1
14541,20050429,CVX,CHEVRONTEXACO CORP,52.00000,-0.108215,1
14541,20050531,CVX,CHEVRON CORP NEW,53.78000,0.042885,1
14541,20050630,CVX,CHEVRON CORP NEW,55.92000,0.039792,1
14541,20050729,CVX,CHEVRON CORP NEW,58.01000,0.037375,1
14541,20050831,CVX,CHEVRON CORP NEW,61.40000,0.066196,1
14541,20050930,CVX,CHEVRON CORP NEW,64.73000,0.054235,1
14541,20051031,CVX,CHEVRON CORP NEW,57.07000,-0.118338,1
14541,20051130,CVX,CHEVRON CORP NEW,57.31000,0.012090,1
14541,20051230,CVX,CHEVRON CORP NEW,56.77000,-0.009422,1
14541,20060131,CVX,CHEVRON CORP NEW,59.38000,0.045975,1
14541,20060228,CVX,CHEVRON CORP NEW,56.48000,-0.041260,1
14541,20060331,CVX,CHEVRON CORP NEW,57.97000,0.026381,1
14541,20060428,CVX,CHEVRON CORP NEW,61.02000,0.052613,1
14541,20060531,CVX,CHEVRON CORP NEW,59.79000,-0.011636,1
14541,20060630,CVX,CHEVRON CORP NEW,62.06000,0.037966,1
14541,20060731,CVX,CHEVRON CORP NEW,65.78000,0.059942,1
14541,20060831,CVX,CHEVRON CORP NEW,64.40000,-0.013074,1
14541,20060929,CVX,CHEVRON CORP NEW,64.86000,0.007143,1
14541,20061031,CVX,CHEVRON CORP NEW,67.20000,0.036078,1
14541,20061130,CVX,CHEVRON CORP NEW,72.32000,0.083929,1
14541,20061229,CVX,CHEVRON CORP NEW,73.53000,0.016731,1
14541,20070131,CVX,CHEVRON CORP NEW,72.88000,-0.008840,1
14541,20070228,CVX,CHEVRON CORP NEW,68.52000,-0.052689,1
14541,20070330,CVX,CHEVRON CORP NEW,73.96000,0.079393,1
14541,20070430,CVX,CHEVRON CORP NEW,77.79000,0.051785,1
14541,20070531,CVX,CHEVRON CORP NEW,81.49000,0.055020,1
14541,20070629,CVX,CHEVRON CORP NEW,84.24000,0.033746,1
14541,20070731,CVX,CHEVRON CORP NEW,85.26000,0.012108,1
14541,20070831,CVX,CHEVRON CORP NEW,87.76000,0.036125,1
14541,20070928,CVX,CHEVRON CORP NEW,93.58000,0.066317,1
14541,20071031,CVX,CHEVRON CORP NEW,91.51000,-0.022120,1
14541,20071130,CVX,CHEVRON CORP NEW,87.77000,-0.034532,1
14541,20071231,CVX,CHEVRON CORP NEW,93.33000,0.063347,1
14541,20080131,CVX,CHEVRON CORP NEW,83.25000,-0.108004,1
14541,20080229,CVX,CHEVRON CORP NEW,86.66000,0.047928,1
14541,20080331,CVX,CHEVRON CORP NEW,85.36000,-0.015001,1
14541,20080430,CVX,CHEVRON CORP NEW,96.15000,0.126406,1
14541,20080530,CVX,CHEVRON CORP NEW,99.15000,0.037962,1
14541,20080630,CVX,CHEVRON CORP NEW,99.13000,-0.000202,1
14541,20080731,CVX,CHEVRON CORP NEW,84.56000,-0.146979,1
14541,20080829,CVX,CHEVRON CORP NEW,86.32000,0.028500,1
14541,20080930,CVX,CHEVRON CORP NEW,82.48000,-0.044486,1
14541,20081031,CVX,CHEVRON CORP NEW,74.60000,-0.095538,1
14541,20081128,CVX,CHEVRON CORP NEW,79.01000,0.067828,1
14541,20081231,CVX,CHEVRON CORP NEW,73.97000,-0.063789,1
14541,20090130,CVX,CHEVRON CORP NEW,70.52000,-0.046641,1
14541,20090227,CVX,CHEVRON CORP NEW,60.71000,-0.129892,1
14541,20090331,CVX,CHEVRON CORP NEW,67.24000,0.107561,1
14541,20090430,CVX,CHEVRON CORP NEW,66.10000,-0.016954,1
14541,20090529,CVX,CHEVRON CORP NEW,66.67000,0.018457,1
14541,20090630,CVX,CHEVRON CORP NEW,66.25000,-0.006300,1
14541,20090731,CVX,CHEVRON CORP NEW,69.47000,0.048604,1
14541,20090831,CVX,CHEVRON CORP NEW,69.94000,0.016554,1
14541,20090930,CVX,CHEVRON CORP NEW,70.43000,0.007006,1
14541,20091030,CVX,CHEVRON CORP NEW,76.54000,0.086753,1
14541,20091130,CVX,CHEVRON CORP NEW,78.04000,0.028482,1
14541,20091231,CVX,CHEVRON CORP NEW,76.99000,-0.013455,1
14541,20100129,CVX,CHEVRON CORP NEW,72.12000,-0.063255,1
14541,20100226,CVX,CHEVRON CORP NEW,72.30000,0.011925,1
14541,20100331,CVX,CHEVRON CORP NEW,75.83000,0.048824,1
14541,20100430,CVX,CHEVRON CORP NEW,81.44000,0.073981,1
14541,20100528,CVX,CHEVRON CORP NEW,73.87000,-0.084111,1
14541,20100630,CVX,CHEVRON CORP NEW,67.86000,-0.081359,1
14541,20100730,CVX,CHEVRON CORP NEW,76.21000,0.123047,1
14541,20100831,CVX,CHEVRON CORP NEW,74.08000,-0.018501,1
14541,20100930,CVX,CHEVRON CORP NEW,81.05000,0.094087,1
14541,20101029,CVX,CHEVRON CORP NEW,82.60000,0.019124,1
14541,20101130,CVX,CHEVRON CORP NEW,80.97000,-0.011017,1
14541,20101231,CVX,CHEVRON CORP NEW,91.25000,0.126961,1
14541,20110131,CVX,CHEVRON CORP NEW,94.93000,0.040329,1
14541,20110228,CVX,CHEVRON CORP NEW,103.75000,0.100495,1
14541,20110331,CVX,CHEVRON CORP NEW,107.49000,0.036048,1
14541,20110429,CVX,CHEVRON CORP NEW,109.44000,0.018141,1
14541,20110531,CVX,CHEVRON CORP NEW,104.91000,-0.034265,1
14541,20110630,CVX,CHEVRON CORP NEW,102.84000,-0.019731,1
14541,20110729,CVX,CHEVRON CORP NEW,104.02000,0.011474,1
14541,20110831,CVX,CHEVRON CORP NEW,98.84000,-0.042300,1
14541,20110930,CVX,CHEVRON CORP NEW,92.59000,-0.063234,1
14541,20111031,CVX,CHEVRON CORP NEW,105.05000,0.134572,1
14541,20111130,CVX,CHEVRON CORP NEW,102.82000,-0.013517,1
14541,20111230,CVX,CHEVRON CORP NEW,106.40000,0.034818,1
14541,20120131,CVX,CHEVRON CORP NEW,103.12000,-0.030827,1
14541,20120229,CVX,CHEVRON CORP NEW,109.12000,0.066040,1
14541,20120330,CVX,CHEVRON CORP NEW,107.21000,-0.017504,1
14541,20120430,CVX,CHEVRON CORP NEW,106.56000,-0.006063,1
14541,20120531,CVX,CHEVRON CORP NEW,98.31000,-0.068975,1
14541,20120629,CVX,CHEVRON CORP NEW,105.50000,0.073136,1
14541,20120731,CVX,CHEVRON CORP NEW,109.58000,0.038673,1
14541,20120831,CVX,CHEVRON CORP NEW,112.16000,0.031758,1
14541,20120928,CVX,CHEVRON CORP NEW,116.56000,0.039230,1
14541,20121031,CVX,CHEVRON CORP NEW,110.24070,-0.054215,1
14541,20121130,CVX,CHEVRON CORP NEW,105.69000,-0.033116,1
14541,20121231,CVX,CHEVRON CORP NEW,108.14000,0.023181,1
14541,20130131,CVX,CHEVRON CORP NEW,115.15000,0.064823,1
14541,20130228,CVX,CHEVRON CORP NEW,117.15000,0.025185,1
14541,20130328,CVX,CHEVRON CORP NEW,118.82000,0.014255,1
14541,20130430,CVX,CHEVRON CORP NEW,122.01000,0.026847,1
14541,20130531,CVX,CHEVRON CORP NEW,122.75000,0.014261,1
14541,20130628,CVX,CHEVRON CORP NEW,118.34000,-0.035927,1
14541,20130731,CVX,CHEVRON CORP NEW,125.89000,0.063799,1
14541,20130830,CVX,CHEVRON CORP NEW,120.43000,-0.035428,1
14541,20130930,CVX,CHEVRON CORP NEW,121.50000,0.008885,1
14541,20131031,CVX,CHEVRON CORP NEW,119.96000,-0.012675,1
14541,20131129,CVX,CHEVRON CORP NEW,122.44000,0.029010,1
14541,20131231,CVX,CHEVRON CORP NEW,124.91000,0.020173,1
14541,20140131,CVX,CHEVRON CORP NEW,111.63000,-0.106317,1
14541,20140228,CVX,CHEVRON CORP NEW,115.33000,0.042103,1
14541,20140331,CVX,CHEVRON CORP NEW,118.91000,0.031041,1
14541,20140430,CVX,CHEVRON CORP NEW,125.52000,0.055588,1
14541,20140530,CVX,CHEVRON CORP NEW,122.79000,-0.013225,1
14541,20140630,CVX,CHEVRON CORP NEW,130.55000,0.063197,1
14541,20140731,CVX,CHEVRON CORP NEW,129.24001,-0.010034,1
14541,20140829,CVX,CHEVRON CORP NEW,129.45000,0.009904,1
14541,20140930,CVX,CHEVRON CORP NEW,119.32000,-0.078254,1
14541,20141031,CVX,CHEVRON CORP NEW,119.95000,0.005280,1
14541,20141128,CVX,CHEVRON CORP NEW,108.87000,-0.083451,1
14541,20141231,CVX,CHEVRON CORP NEW,112.18000,0.030403,1
14541,20150130,CVX,CHEVRON CORP NEW,102.53000,-0.086022,1
14541,20150227,CVX,CHEVRON CORP NEW,106.68000,0.050912,1
14541,20150331,CVX,CHEVRON CORP NEW,104.98000,-0.015935,1
14541,20150430,CVX,CHEVRON CORP NEW,111.06000,0.057916,1
14541,20150529,CVX,CHEVRON CORP NEW,103.00000,-0.062939,1
14541,20150630,CVX,CHEVRON CORP NEW,96.47000,-0.063398,1
14541,20150731,CVX,CHEVRON CORP NEW,88.48000,-0.082824,1
14541,20150831,CVX,CHEVRON CORP NEW,80.99000,-0.072559,1
14541,20150930,CVX,CHEVRON CORP NEW,78.88000,-0.026053,1
14541,20151030,CVX,CHEVRON CORP NEW,90.88000,0.152130,1
14541,20151130,CVX,CHEVRON CORP NEW,91.32000,0.016615,1
14541,20151231,CVX,CHEVRON CORP NEW,89.96000,-0.014893,1
14541,20160129,CVX,CHEVRON CORP NEW,86.47000,-0.038795,1
14541,20160229,CVX,CHEVRON CORP NEW,83.44000,-0.022667,1
14541,20160331,CVX,CHEVRON CORP NEW,95.40000,0.143337,1
14541,20160429,CVX,CHEVRON CORP NEW,102.18000,0.071069,1
14541,20160531,CVX,CHEVRON CORP NEW,101.00000,-0.001077,1
14541,20160630,CVX,CHEVRON CORP NEW,104.83000,0.037921,1
14541,20160729,CVX,CHEVRON CORP NEW,102.48000,-0.022417,1
14541,20160831,CVX,CHEVRON CORP NEW,100.58000,-0.008099,1
14541,20160930,CVX,CHEVRON CORP NEW,102.92000,0.023265,1
14541,20161031,CVX,CHEVRON CORP NEW,104.75000,0.017781,1
14541,20161130,CVX,CHEVRON CORP NEW,111.56000,0.075322,1
14541,20161230,CVX,CHEVRON CORP NEW,117.70000,0.055038,1
14541,20170131,CVX,CHEVRON CORP NEW,111.35000,-0.053951,1
14541,20170228,CVX,CHEVRON CORP NEW,112.50000,0.020027,1
14541,20170331,CVX,CHEVRON CORP NEW,107.37000,-0.045600,1
14541,20170428,CVX,CHEVRON CORP NEW,106.70000,-0.006240,1
14541,20170531,CVX,CHEVRON CORP NEW,103.48000,-0.020056,1
14541,20170630,CVX,CHEVRON CORP NEW,104.33000,0.008214,1
14541,20170731,CVX,CHEVRON CORP NEW,109.19000,0.046583,1
14541,20170831,CVX,CHEVRON CORP NEW,107.62000,-0.004488,1
14541,20170929,CVX,CHEVRON CORP NEW,117.50000,0.091804,1
14541,20171031,CVX,CHEVRON CORP NEW,115.89000,-0.013702,1
14541,20171130,CVX,CHEVRON CORP NEW,118.99000,0.036069,1
14541,20171229,CVX,CHEVRON CORP NEW,125.19000,0.052105,1
14541,20180131,CVX,CHEVRON CORP NEW,125.35000,0.001278,1
14541,20180228,CVX,CHEVRON CORP NEW,111.92000,-0.098205,1
14541,20180329,CVX,CHEVRON CORP NEW,114.04000,0.018942,1
14541,20180430,CVX,CHEVRON CORP NEW,125.11000,0.097071,1
14541,20180531,CVX,CHEVRON CORP NEW,124.30000,0.002478,1
14541,20180629,CVX,CHEVRON CORP NEW,126.43000,0.017136,1
14541,20180731,CVX,CHEVRON CORP NEW,126.27000,-0.001266,1
14541,20180831,CVX,CHEVRON CORP NEW,118.46000,-0.052982,1
14541,20180928,CVX,CHEVRON CORP NEW,122.28000,0.032247,1
14541,20181031,CVX,CHEVRON CORP NEW,111.65000,-0.086932,1
14541,20181130,CVX,CHEVRON CORP NEW,118.94000,0.075325,1
14541,20181231,CVX,CHEVRON CORP NEW,108.79000,-0.085337,1
14541,20190131,CVX,CHEVRON CORP NEW,114.65000,0.053865,1
14541,20190228,CVX,CHEVRON CORP NEW,119.58000,0.053380,1
14541,20190329,CVX,CHEVRON CORP NEW,123.18000,0.030105,1
14541,20190430,CVX,CHEVRON CORP NEW,120.06000,-0.025329,1
14541,20190531,CVX,CHEVRON CORP NEW,113.85000,-0.041812,1
14541,20190628,CVX,CHEVRON CORP NEW,124.44000,0.093017,1
14541,20190731,CVX,CHEVRON CORP NEW,123.11000,-0.010688,1
14541,20190830,CVX,CHEVRON CORP NEW,117.72000,-0.034116,1
14541,20190930,CVX,CHEVRON CORP NEW,118.60000,0.007475,1
14541,20191031,CVX,CHEVRON CORP NEW,116.14000,-0.020742,1
14541,20191129,CVX,CHEVRON CORP NEW,117.13000,0.018770,1
14541,20191231,CVX,CHEVRON CORP NEW,120.51000,0.028857,1
14541,20200131,CVX,CHEVRON CORP NEW,107.14000,-0.110945,1
14541,20200228,CVX,CHEVRON CORP NEW,93.34000,-0.116763,1
14541,20200331,CVX,CHEVRON CORP NEW,72.46000,-0.223698,1
14541,20200430,CVX,CHEVRON CORP NEW,92.00000,0.269666,1
14541,20200529,CVX,CHEVRON CORP NEW,91.70000,0.010761,1
14541,20200630,CVX,CHEVRON CORP NEW,89.23000,-0.026936,1
14541,20200731,CVX,CHEVRON CORP NEW,83.94000,-0.059285,1
14541,20200831,CVX,CHEVRON CORP NEW,83.93000,0.015249,1
14541,20200930,CVX,CHEVRON CORP NEW,72.00000,-0.142142,1
14541,20201030,CVX,CHEVRON CORP NEW,69.50000,-0.034722,1
14541,20201130,CVX,CHEVRON CORP NEW,87.18000,0.272950,1
14541,20201231,CVX,CHEVRON CORP NEW,84.45000,-0.031315,1
14541,20210129,CVX,CHEVRON CORP NEW,85.20000,0.008881,1
14541,20210226,CVX,CHEVRON CORP NEW,100.00000,0.188850,1
14541,20210331,CVX,CHEVRON CORP NEW,104.79000,0.047900,1
14541,20210430,CVX,CHEVRON CORP NEW,103.07000,-0.016414,1
14541,20210528,CVX,CHEVRON CORP NEW,103.79000,0.019986,1
14541,20210630,CVX,CHEVRON CORP NEW,104.74000,0.009153,1
14541,20210730,CVX,CHEVRON CORP NEW,101.81000,-0.027974,1
14541,20210831,CVX,CHEVRON CORP NEW,96.77000,-0.036342,1
14541,20210930,CVX,CHEVRON CORP NEW,101.45000,0.048362,1
14541,20211029,CVX,CHEVRON CORP NEW,114.49000,0.128536,1
14541,20211130,CVX,CHEVRON CORP NEW,112.87000,-0.002446,1
14541,20211231,CVX,CHEVRON CORP NEW,117.35000,0.039692,1
14541,20220131,CVX,CHEVRON CORP NEW,131.33000,0.119131,1
14541,20220228,CVX,CHEVRON CORP NEW,144.00000,0.107287,1
14541,20220331,CVX,CHEVRON CORP NEW,162.83000,0.130764,1
14541,20220429,CVX,CHEVRON CORP NEW,156.67000,-0.037831,1
14541,20220531,CVX,CHEVRON CORP NEW,174.66000,0.123891,1
14541,20220630,CVX,CHEVRON CORP NEW,144.78000,-0.171075,1
14541,20220729,CVX,CHEVRON CORP NEW,163.78000,0.131234,1
14541,20220831,CVX,CHEVRON CORP NEW,158.06000,-0.026255,1
14541,20220930,CVX,CHEVRON CORP NEW,143.67000,-0.091041,1
14541,20221031,CVX,CHEVRON CORP NEW,180.89999,0.259135,1
14541,20221130,CVX,CHEVRON CORP NEW,183.31000,0.021172,1
14541,20221230,CVX,CHEVRON CORP NEW,179.49001,-0.020839,1
14541,20230131,CVX,CHEVRON CORP NEW,174.02000,-0.030475,1
14541,20230228,CVX,CHEVRON CORP NEW,160.77000,-0.067464,1
14541,20230331,CVX,CHEVRON CORP NEW,163.16000,0.014866,1
14541,20230428,CVX,CHEVRON CORP NEW,168.58000,0.033219,1
14541,20230531,CVX,CHEVRON CORP NEW,150.62000,-0.097580,1
14541,20230630,CVX,CHEVRON CORP NEW,157.35001,0.044682,1
14541,20230731,CVX,CHEVRON CORP NEW,163.66000,0.040102,1
14541,20230831,CVX,CHEVRON CORP NEW,161.10001,-0.006416,1
14541,20230929,CVX,CHEVRON CORP NEW,168.62000,0.046679,1
14541,20231031,CVX,CHEVRON CORP NEW,145.73000,-0.135749,1
14541,20231130,CVX,CHEVRON CORP NEW,143.60001,-0.004254,1
14541,20231229,CVX,CHEVRON CORP NEW,149.16000,0.038719,1
